country_code,country,year,internet_users,mobile_subscriptions,electricity_access,digital_gap
BDI,Burundi,2010,1.0,17.8962195049637,5.3,16.8962195049637
BDI,Burundi,2011,1.110000014,19.7014852266593,6.2,18.5914852126593
BDI,Burundi,2012,1.220000029,22.3127768088819,6.5,21.0927767798819
BDI,Burundi,2013,1.2642181112,24.3006814319026,6.9,23.0364633207026
BDI,Burundi,2014,1.04239212643994,29.567783062348,7.0,28.52539093590806
BDI,Burundi,2015,2.0,45.2379254099088,7.9,43.2379254099088
BDI,Burundi,2016,2.200000048,47.6697304877258,8.5,45.4697304397258
BDI,Burundi,2017,2.6607485347534,51.4533280518012,9.3,48.7925795170478
BDI,Burundi,2018,4.019499779,53.2736942349584,9.5,49.2541944559584
BDI,Burundi,2019,6.072199821,53.2995504978403,9.8,47.2273506768403
BDI,Burundi,2020,6.430099964,52.5571219738138,9.1,46.1270220098138
BDI,Burundi,2021,6.777999878,59.700785493419,10.2,52.922785615418995
BDI,Burundi,2022,7.144800186,56.2599912004244,10.3,49.115191014424404
BDI,Burundi,2023,7.172299862,63.1631365759764,11.6,55.9908367139764
BDI,Burundi,2024,8.595999718,,20.1,
KEN,Kenya,2010,7.2,60.0234402305252,19.2,52.8234402305252
KEN,Kenya,2011,8.800000191,65.6730161546273,36.2,56.8730159636273
KEN,Kenya,2012,10.5,70.0226527327794,38.1,59.522652732779406
KEN,Kenya,2013,13.0,70.7541086893706,40.1,57.7541086893706
KEN,Kenya,2014,16.5,73.0327455558393,36.0,56.5327455558393
KEN,Kenya,2015,16.5878548475992,80.0958263165851,41.6,63.5079714689859
KEN,Kenya,2016,16.6,80.9772361004341,53.1,64.37723610043409
KEN,Kenya,2017,17.82710075,87.026530838819,55.8,69.199430088819
KEN,Kenya,2018,19.5,98.5944679106884,61.2,79.0944679106884
KEN,Kenya,2019,22.6687733618171,106.547822056778,69.7,83.8790486949609
KEN,Kenya,2020,24.7227993,117.602526394779,71.5,92.87972709477901
KEN,Kenya,2021,26.96290016,122.297519656734,76.5,95.33461949673399
KEN,Kenya,2022,29.40589905,121.168999135357,76.0,91.763100085357
KEN,Kenya,2023,32.07040024,120.612416887959,76.2,88.542016647959
KEN,Kenya,2024,34.97622513,126.477706000949,77.0,91.501480870949
RWA,Rwanda,2010,8.0,34.395374562166,9.7,26.395374562165998
RWA,Rwanda,2011,7.0,42.049425685328,10.8,35.049425685328
RWA,Rwanda,2012,8.023900032,52.5466576287262,17.5,44.5227575967262
RWA,Rwanda,2013,9.0,60.2988640030865,15.2,51.2988640030865
RWA,Rwanda,2014,10.60000038,68.1670448387062,19.8,57.56704445870621
RWA,Rwanda,2015,12.45600033,75.2543165296423,22.8,62.798316199642294
RWA,Rwanda,2016,14.63710022,74.8502057565523,29.4,60.2131055365523
RWA,Rwanda,2017,17.2,72.2764598764471,34.1,55.0764598764471
RWA,Rwanda,2018,19.16659927,77.679469147812,38.0,58.512869877812
RWA,Rwanda,2019,21.3579998,75.5985451901883,46.6,54.2405453901883
RWA,Rwanda,2020,23.8,81.2378724761376,45.2,57.4378724761376
RWA,Rwanda,2021,24.4416008,81.6381635400584,48.7,57.1965627400584
RWA,Rwanda,2022,28.01679993,80.5952224850433,50.6,52.57842255504329
RWA,Rwanda,2023,28.80579948,91.4622704078141,63.9,62.6564709278141
RWA,Rwanda,2024,31.70330048,93.201462876722,72.0,61.49816239672201
SOM,"Somalia, Fed. Rep.",2010,,5.28635539640489,52.3,
SOM,"Somalia, Fed. Rep.",2011,1.25,14.5762796961332,52.0,13.3262796961332
SOM,"Somalia, Fed. Rep.",2012,1.376700044,18.457350680033,51.8,17.080650636033
SOM,"Somalia, Fed. Rep.",2013,1.5,40.2732207402969,51.5,38.7732207402969
SOM,"Somalia, Fed. Rep.",2014,1.629999995,41.2309585125849,51.4,39.6009585175849
SOM,"Somalia, Fed. Rep.",2015,1.75999999,42.2685278435236,51.2,40.5085278535236
SOM,"Somalia, Fed. Rep.",2016,1.879999995,46.366719307758,51.1,44.486719312758
SOM,"Somalia, Fed. Rep.",2017,,47.725260177752,52.1,
SOM,"Somalia, Fed. Rep.",2018,,49.5262671956948,50.7,
SOM,"Somalia, Fed. Rep.",2019,2.731400013,51.3194116563494,49.2,48.588011643349404
SOM,"Somalia, Fed. Rep.",2020,15.02369976,53.1133178401473,49.9,38.089618080147304
SOM,"Somalia, Fed. Rep.",2021,23.87479973,51.2059481348129,49.3,27.3311484048129
SOM,"Somalia, Fed. Rep.",2022,27.6,49.6800986995936,48.9,22.0800986995936
SOM,"Somalia, Fed. Rep.",2023,26.12010002,53.9579646939598,50.3,27.837864673959803
SOM,"Somalia, Fed. Rep.",2024,27.94020081,,54.4,
SSD,South Sudan,2010,,15.3910038351303,1.5,
SSD,South Sudan,2011,,17.4959266080871,2.8,
SSD,South Sudan,2012,1.5,21.3829367883201,3.3,19.8829367883201
SSD,South Sudan,2013,2.200000048,25.5521917559795,3.8,23.3521917079795
SSD,South Sudan,2014,2.599999905,25.599272919722,4.3,22.999273014722
SSD,South Sudan,2015,3.0,26.0993389998038,4.8,23.0993389998038
SSD,South Sudan,2016,3.5,24.930513119821,5.3,21.430513119821
SSD,South Sudan,2017,4.1,27.1848244017002,4.2,23.084824401700203
SSD,South Sudan,2018,4.800000191,18.9297575209348,6.3,14.129757329934801
SSD,South Sudan,2019,6.671000004,21.3171365460584,6.8,14.6461365420584
SSD,South Sudan,2020,,,7.3,
SSD,South Sudan,2021,,30.151042999214,7.7,
SSD,South Sudan,2022,,48.4888320004297,8.4,
SSD,South Sudan,2023,,46.6152369503945,5.4,
SSD,South Sudan,2024,,,5.4,
TZA,Tanzania,2010,2.900000095,46.8823991552172,14.8,43.9823990602172
TZA,Tanzania,2011,3.200000048,55.7610427273527,14.2,52.5610426793527
TZA,Tanzania,2012,3.950000048,57.4558483868666,15.3,53.5058483388666
TZA,Tanzania,2013,4.400000095,56.2075025692215,16.4,51.807502474221494
TZA,Tanzania,2014,7.0,63.2804353521698,23.5,56.2804353521698
TZA,Tanzania,2015,10.0,76.2492627491202,26.2,66.2492627491202
TZA,Tanzania,2016,13.5042328468919,74.3983656514054,32.8,60.8941328045135
TZA,Tanzania,2017,14.46339989,71.7911684370749,32.1,57.3277685470749
TZA,Tanzania,2018,15.49069977,75.7301934140355,34.9,60.2394936440355
TZA,Tanzania,2019,16.59090042,80.5835569684446,37.7,63.9926565484446
TZA,Tanzania,2020,19.48139954,84.0050558283384,39.9,64.5236562883384
TZA,Tanzania,2021,22.87540054,86.0162814148027,42.7,63.140880874802704
TZA,Tanzania,2022,26.86059952,93.0159746238635,45.8,66.15537510386349
TZA,Tanzania,2023,28.43190002,105.40028112088,48.3,76.96838110088
TZA,Tanzania,2024,31.16209984,126.559163217786,52.4,95.397063377786
UGA,Uganda,2010,4.300000191,39.6046507276973,12.1,35.304650536697295
UGA,Uganda,2011,4.599999905,50.0591238800663,14.6,45.459123975066305
UGA,Uganda,2012,4.800000191,47.6342672974029,20.5,42.8342671064029
UGA,Uganda,2013,5.099999905,51.1323160552035,13.9,46.032316150203506
UGA,Uganda,2014,5.400000095,55.9572451997482,20.4,50.5572451047482
UGA,Uganda,2015,5.699999809,53.8755501186925,18.5,48.175550309692504
UGA,Uganda,2016,5.9,58.8633638178484,26.7,52.9633638178484
UGA,Uganda,2017,7.417900085,62.0968142578109,32.4,54.6789141728109
UGA,Uganda,2018,9.326299667,58.8753608703264,41.9,49.5490612033264
UGA,Uganda,2019,11.72579956,59.0598078769828,41.3,47.3340083169828
UGA,Uganda,2020,7.4,62.2824129624858,42.1,54.8824129624858
UGA,Uganda,2021,10.0,65.6220730009172,45.2,55.6220730009172
UGA,Uganda,2022,9.636899948,70.1401117953081,47.1,60.5032118473081
UGA,Uganda,2023,9.286999702,76.2966796632588,51.5,67.0096799612588
UGA,Uganda,2024,8.949831061,83.165031466902,55.3,74.215200405902
